sep=,
Plate name,Plate ID,Plate type,Well,Sample ID,Sample/NTC/Control,Type,Reaction Mix,Target (Name),Target (IC),Target (Control),Conc. [cp/µL] (dPCR reaction),Conc. [-] (dPCR reaction),CI (95%) (dPCR reaction),Conc. [cp/µL] (undiluted sample),Conc. [-] (undiluted sample),Partitions (Valid),Partitions (Positive),Partitions (Negative),Threshold,Volume per well [µl],Concentration factor,Template volume [µl],Total volume [µl],Conversion factor,Conversion unit,REF,CXT matrix RM template name,CXT matrix RM template ID,Lambda,Actual cycled vol/partition [nL],Actual cycled vol/well [µL],Mean RFU positives,Mean RFU negatives,Rain [%],Resolution,Positives bandwidth,Negatives bandwidth
DOME-SD-SPARTINA16S-RUN1,b9ba2c8e-e74b-4687-87fc-7b468e23dc19,Nanoplate 8.5K 96-well,A1,1,1,SAMPLE,16S-515F+806R,16S,-,-,292.23045702721754,-,0.0752994454811998,1753382.7421633052,-,7750,678,7072,145.71,2.666,1000.0,2.0,12.0,-,-,Std-Ref,-,-,0.09154951802991328,0.31327849588719153,2.4279083431257344,165.2850147492625,40.21080033936665,"1,19",4.510426919451538,45.9,10.15
,,,B1,13,36,SAMPLE,16S-515F+806R,16S,-,-,3447.4482140212754,-,0.02789976251143829,2.0684689284127653E7,-,8242,5434,2808,145.71,2.658,1000.0,2.0,12.0,-,-,Std-Ref,-,-,1.076770546753061,0.31233842538190365,2.57429330199765,173.17994295178454,54.27761396011368,"2,10",3.1527628893360498,54.58,23.95
,,,C1,25,70,SAMPLE,16S-515F+806R,16S,-,-,1190.250131376989,-,0.03914545180197398,7141500.788261934,-,8196,2536,5660,145.71,2.647,1000.0,2.0,12.0,-,-,Std-Ref,-,-,0.3702223381615617,0.3110458284371328,2.54933160987074,177.08333596214473,48.89460600706703,"2,01",3.6859062370827234,50.84,19.86
,,,D1,4,10,SAMPLE,16S-515F+806R,16S,-,-,2551.3887249185345,-,0.029882652534194382,1.5308332349511208E7,-,8298,4532,3766,145.71,2.635,1000.0,2.0,12.0,-,-,Std-Ref,-,-,0.7900010916757154,0.3096357226792009,2.5693572267920093,176.09984995586964,54.69066383430688,"2,41",3.3370810427763082,51.88,23.01
,,,E1,16,44,SAMPLE,16S-515F+806R,16S,-,-,1712.5599358982615,-,0.034062907722627454,1.027535961538957E7,-,8268,3389,4879,145.71,2.621,1000.0,2.0,12.0,-,-,Std-Ref,-,-,0.5274523609858218,0.3079905992949471,2.546466274970623,179.15306875184396,51.48103914736625,"1,60",3.6594169141398836,51.0,19.64
,,,F1,28,79,SAMPLE,16S-515F+806R,16S,-,-,593.3406281717764,-,0.05234769322203333,3560043.7690306585,-,8269,1406,6863,145.71,2.673,1000.0,2.0,12.0,-,-,Std-Ref,-,-,0.1863689188135321,0.31410105757931844,2.5973016451233844,173.8244736842104,47.70604400407984,"0,64",3.076559901319216,60.67,20.63
,,,G1,12,33,SAMPLE,16S-515F+806R,16S,-,-,2.725424232743213,-,0.7407968734632671,16352.54539645928,-,8289,7,8282,145.71,2.638,1000.0,2.0,12.0,-,-,Std-Ref,-,-,8.44849486013701E-4,0.3099882491186839,2.569492596944771,169.75428571428574,46.59744868389283,"0,10",0.0,0.0,20.16
,,,H1,29,82,SAMPLE,16S-515F+806R,16S,-,-,193.321249686037,-,0.08846662680543019,1159927.498116222,-,8265,491,7774,145.71,2.696,1000.0,2.0,12.0,-,-,Std-Ref,-,-,0.06124489884295602,0.3168037602820211,2.6183830787309046,170.9524236252547,45.928056341651505,"0,42",3.539574570036349,49.72,20.87
,,,A2,2,4,SAMPLE,16S-515F+806R,16S,-,-,521.0394455773734,-,0.057635462490240444,3126236.6734642405,-,7779,1159,6620,145.71,2.635,1000.0,2.0,12.0,-,-,Std-Ref,-,-,0.1613324252757202,0.3096357226792009,2.408656286721504,172.5006643658328,45.31554531722064,"0,23",1.7859319833776448,90.52,44.17
,,,B2,14,39,SAMPLE,16S-515F+806R,16S,-,-,1768.2170398109165,-,0.03354026613374736,1.0609302238865498E7,-,8264,3503,4761,145.71,2.654,1000.0,2.0,12.0,-,-,Std-Ref,-,-,0.5514510016049556,0.3118683901292597,2.5772803760282024,177.61592063945184,50.97782818735562,"1,71",3.5900761234273277,51.93,19.66
,,,C2,26,73,SAMPLE,16S-515F+806R,16S,-,-,616.5371008313764,-,0.052684159737478094,3699222.6049882583,-,8255,1388,6867,145.71,2.541,1000.0,2.0,12.0,-,-,Std-Ref,-,-,0.18409174773355197,0.2985898942420681,2.4648595769682724,169.36076368876084,44.24634338138918,"0,86",2.775595577334943,68.63,26.72
,,,D2,5,13,SAMPLE,16S-515F+806R,16S,-,-,3226.2111194840277,-,0.02918529889073519,1.9357266716904167E7,-,7848,4879,2969,145.71,2.564,1000.0,2.0,12.0,-,-,Std-Ref,-,-,0.9720335264814393,0.3012925969447709,2.364544300822562,175.29679237548666,55.94481306837318,"2,88",3.1189423262259584,58.65,21.11
,,,E2,17,47,SAMPLE,16S-515F+806R,16S,-,-,3032.307115882283,-,0.028722896639666602,1.8193842695293702E7,-,8271,5003,3268,145.71,2.606,1000.0,2.0,12.0,-,-,Std-Ref,-,-,0.928577243712013,0.3062279670975323,2.5328115158636897,172.52484909054604,51.75793145654835,"1,68",2.469253771644456,71.95,29.71
,,,F2,29,82,SAMPLE,16S-515F+806R,16S,-,-,239.1536560439773,-,0.08182590478983064,1434921.936263864,-,8269,574,7695,145.71,2.56,1000.0,2.0,12.0,-,-,Std-Ref,-,-,0.07194281544918706,0.3008225616921269,2.4875017626321974,171.8396341463414,47.649161793372265,"0,50",3.7843672389606784,49.72,17.79
,,,G2,13,36,SAMPLE,16S-515F+806R,16S,-,-,1748.682925922297,-,0.03388129555653601,1.0492097555533784E7,-,8263,3428,4835,145.71,2.608,1000.0,2.0,12.0,-,-,Std-Ref,-,-,0.5359065888137897,0.3064629847238543,2.532303642773208,169.02214410735107,48.333187176835665,"1,77",2.455023303220026,70.13,30.93
,,,H2,31,85,SAMPLE,16S-515F+806R,16S,-,-,3.9479588770749676,-,0.61979518725995,23687.753262449805,-,8248,10,8238,145.71,2.615,1000.0,2.0,12.0,-,-,Std-Ref,-,-,0.0012131507007698051,0.3072855464159812,2.534491186839013,169.202,44.79652706967708,"0,04",4.665879271665348,29.5,22.16
,,,A3,3,7,SAMPLE,16S-515F+806R,16S,-,-,2030.4346631696249,-,0.03218559368177007,1.218260797901775E7,-,8215,3833,4382,145.71,2.634,1000.0,2.0,12.0,-,-,Std-Ref,-,-,0.6284565103159567,0.30951821386603995,2.542692126909518,175.64554135142166,50.01556366955748,"1,39",2.7116707639213464,66.3,28.05
,,,B3,15,41,SAMPLE,16S-515F+806R,16S,-,-,2735.9439097417035,-,0.029476181998260607,1.641566345845022E7,-,8263,4688,3575,145.71,2.606,1000.0,2.0,12.0,-,-,Std-Ref,-,-,0.8378225415730763,0.3062279670975323,2.5303616921269096,176.7797824232079,52.6889734265733,"2,18",3.4166611716484256,53.95,20.48
,,,C3,27,76,SAMPLE,16S-515F+806R,16S,-,-,793.8140699213424,-,0.046597708893967006,4762884.419528054,-,8256,1778,6478,145.71,2.6,1000.0,2.0,12.0,-,-,Std-Ref,-,-,0.24252838799006934,0.30552291421856637,2.522397179788484,168.5301968503938,46.18570237727696,"1,32",2.9414551899952817,58.65,26.94
,,,D3,6,16,SAMPLE,16S-515F+806R,16S,-,-,1667.713254904703,-,0.035470141691215096,1.000627952942822E7,-,8020,3116,4904,145.71,2.51,1000.0,2.0,12.0,-,-,Std-Ref,-,-,0.4918872232445129,0.29494712103407755,2.365475910693302,172.6031707317072,50.36437194127244,"1,60",3.2563824490553044,52.55,23.95
,,,E3,18,50,SAMPLE,16S-515F+806R,16S,-,-,1106.3613764027273,-,0.04093153272248409,6638168.258416364,-,8239,2314,5925,145.71,2.536,1000.0,2.0,12.0,-,-,Std-Ref,-,-,0.3296982903122581,0.2980023501762632,2.4552413631022327,171.51213915298186,46.3260135021098,"1,07",3.138557161712795,57.37,23.51
,,,F3,31,85,SAMPLE,16S-515F+806R,16S,-,-,1.2290077737402452,-,1.0642422069498985,7374.046642441472,-,8304,3,8301,145.71,2.502,1000.0,2.0,12.0,-,-,Std-Ref,-,-,3.613369506343235E-4,0.2940070505287896,2.441434547591069,175.72333333333333,46.48044813877861,"0,45",2.0350539955919222,22.65,16.9
,,,G3,16,44,SAMPLE,16S-515F+806R,16S,-,-,2120.6150212429216,-,0.03193882900396784,1.2723690127457531E7,-,8289,3895,4394,145.71,2.547,1000.0,2.0,12.0,-,-,Std-Ref,-,-,0.6346893606469708,0.2992949471210341,2.4808558166862515,172.57144801026965,49.38324988620849,"1,56",3.1130555430837785,54.24,26.69
,,,H3,35,88,SAMPLE,16S-515F+806R,16S,-,-,614.8992161254243,-,0.05199983969424339,3689395.296752546,-,8268,1425,6843,145.71,2.618,1000.0,2.0,12.0,-,-,Std-Ref,-,-,0.1891664098491611,0.3076380728554642,2.5435515863689777,169.0099157894738,46.05447318427597,"1,03",3.753042181277472,48.09,18.39
,,,A4,4,10,SAMPLE,16S-515F+806R,16S,-,-,2292.008442329787,-,0.031741156977830774,1.3752050653978724E7,-,7783,3980,3803,145.71,2.659,1000.0,2.0,12.0,-,-,Std-Ref,-,-,0.7161516390311286,0.3124559341950646,2.431844535840188,174.38378140703574,50.04966868261917,"2,07",3.113994355572607,54.3,27.61
,,,B4,16,44,SAMPLE,16S-515F+806R,16S,-,-,2017.0581676087888,-,0.032481509967562924,1.2102349005652733E7,-,8257,3755,4502,145.71,2.559,1000.0,2.0,12.0,-,-,Std-Ref,-,-,0.6065395829507509,0.30070505287896593,2.4829216216216214,173.34990945406145,50.543956019546926,"1,76",3.484971756033047,51.41,20.37
,,,C4,28,79,SAMPLE,16S-515F+806R,16S,-,-,656.4344329450396,-,0.05164217888411743,3938606.5976702375,-,8221,1445,6776,145.71,2.506,1000.0,2.0,12.0,-,-,Std-Ref,-,-,0.19330489882024313,0.29447708578143356,2.4208961222091654,174.05674740484432,46.05432113341218,"0,92",3.3821954046709743,52.27,26.68
,,,D4,7,19,SAMPLE,16S-515F+806R,16S,-,-,609.0512952176286,-,0.05329778168176541,3654307.771305772,-,8286,1356,6930,145.71,2.497,1000.0,2.0,12.0,-,-,Std-Ref,-,-,0.1787075304533982,0.2934195064629847,2.4312740305522915,169.83327433628298,47.23465367965369,"0,78",3.4059877182227036,54.43,18.1
,,,E4,19,53,SAMPLE,16S-515F+806R,16S,-,-,2198.4704109092795,-,0.03173985057889083,1.3190822465455677E7,-,8255,3951,4304,145.71,2.521,1000.0,2.0,12.0,-,-,Std-Ref,-,-,0.6512742545126079,0.2962397179788484,2.4454588719153936,174.3474689951913,50.13624767657986,"1,91",3.042929683218359,56.63,26.87
,,,F4,35,88,SAMPLE,16S-515F+806R,16S,-,-,1236.516473266424,-,0.04160129099911785,7419098.839598545,-,7429,2244,5185,145.71,2.475,1000.0,2.0,12.0,-,-,Std-Ref,-,-,0.3596214184881786,0.290834312573443,2.160608108108108,171.25435828877022,47.95402507232399,"1,47",3.10896070277257,60.94,19.61
,,,G4,20,56,SAMPLE,16S-515F+806R,16S,-,-,1641.062917828883,-,0.03508381385983834,9846377.506973298,-,8197,3185,5012,145.71,2.551,1000.0,2.0,12.0,-,-,Std-Ref,-,-,0.4919331966370718,0.29976498237367805,2.457173560517039,170.58119623233927,48.6307641660015,"2,03",3.0358256295371264,57.0,25.37
,,,H4,32,91,SAMPLE,16S-515F+806R,16S,-,-,1084.1396271384622,-,0.04067511638758733,6504837.762830773,-,8228,2344,5884,145.71,2.632,1000.0,2.0,12.0,-,-,Std-Ref,-,-,0.33530616905151966,0.309283196239718,2.5447821386603997,171.56165529010258,47.435890550645965,"1,43",3.261211847394815,57.25,20.02
,,,A5,5,13,SAMPLE,16S-515F+806R,16S,-,-,3536.604518974109,-,0.028361394251947617,2.1219627113844655E7,-,7909,5283,2626,145.71,2.653,1000.0,2.0,12.0,-,-,Std-Ref,-,-,1.1025395756566758,0.31175088131609874,2.465637720329025,175.3726083664588,53.55410891089097,"2,20",2.6867786957380773,61.98,32.84
,,,B5,17,47,SAMPLE,16S-515F+806R,16S,-,-,3270.4546885648465,-,0.02837528230959548,1.962272813138908E7,-,8273,5168,3105,145.71,2.55,1000.0,2.0,12.0,-,-,Std-Ref,-,-,0.9799834848226038,0.299647473560517,2.4789835487661573,176.45815015479874,52.92227375201282,"2,37",3.041977944491801,62.48,21.67
,,,C5,29,82,SAMPLE,16S-515F+806R,16S,-,-,211.1002078214644,-,0.08810870443350767,1266601.2469287866,-,8264,495,7769,145.71,2.49,1000.0,2.0,12.0,-,-,Std-Ref,-,-,0.061767275849053636,0.29259694477085785,2.418021151586369,170.00757575757584,45.241370832796974,"0,41",3.205449171232468,57.36,23.21
,,,D5,8,22,SAMPLE,16S-515F+806R,16S,-,-,427.39382362597695,-,0.06290838167967742,2564362.941755862,-,8247,972,7275,145.71,2.497,1000.0,2.0,12.0,-,-,Std-Ref,-,-,0.1254056847936621,0.2934195064629847,2.419830669800235,170.30707818930034,46.55434501718208,"0,78",3.1264428481738116,60.76,17.89
,,,E5,20,56,SAMPLE,16S-515F+806R,16S,-,-,2173.4567081428495,-,0.03209403825669407,1.3040740248857098E7,-,8281,3854,4427,145.71,2.452,1000.0,2.0,12.0,-,-,Std-Ref,-,-,0.626241580301559,0.28813160987074027,2.3860178613396004,172.8248079916972,50.25098938332963,"2,08",3.1111684272835745,53.55,27.16
,,,F5,32,91,SAMPLE,16S-515F+806R,16S,-,-,1931.3068372080568,-,0.03409864428852868,1.1587841023248343E7,-,7848,3394,4454,145.71,2.496,1000.0,2.0,12.0,-,-,Std-Ref,-,-,0.566456153427886,0.29330199764982373,2.301834077555817,167.15609899823195,49.745974405029344,"1,92",3.502257908387992,51.0,17.67
,,,G5,21,58,SAMPLE,16S-515F+806R,16S,-,-,44.55859923260967,-,0.1894786324444568,267351.5953956581,-,8179,107,8072,145.71,2.515,1000.0,2.0,12.0,-,-,Std-Ref,-,-,0.013168610701529183,0.2955346650998825,2.417178025851939,168.07841121495326,44.171108771060524,"0,01",3.1756111619737992,47.17,28.81
,,,H5,33,94,SAMPLE,16S-515F+806R,16S,-,-,1865.293096801734,-,0.033176355070758175,1.1191758580810405E7,-,8269,3586,4683,145.71,2.594,1000.0,2.0,12.0,-,-,Std-Ref,-,-,0.5685746525386249,0.3048178613396005,2.5205388954171566,169.47745398773048,48.298174247277416,"1,85",3.3492978947388385,54.44,19.35
,,,A6,6,16,SAMPLE,16S-515F+806R,16S,-,-,2157.272082520543,-,0.032801728347753176,1.2943632495123258E7,-,7610,3706,3904,145.71,2.633,1000.0,2.0,12.0,-,-,Std-Ref,-,-,0.6674615033227485,0.309400705052879,2.3545393654524087,174.39198057204516,50.34996670081968,"2,13",2.915563598039458,57.18,30.06
,,,B6,18,50,SAMPLE,16S-515F+806R,16S,-,-,1085.3510296971676,-,0.041580309658462544,6512106.178183006,-,8214,2241,5973,145.71,2.498,1000.0,2.0,12.0,-,-,Std-Ref,-,-,0.31859070178419796,0.29353701527614573,2.411113043478261,172.2095269968765,46.9518215302194,"1,46",3.537131982476218,50.2,21.58
,,,C6,34,85,SAMPLE,16S-515F+806R,16S,-,-,1.6569148822880768,-,0.9799820757651535,9941.48929372846,-,8256,4,8252,145.71,2.489,1000.0,2.0,12.0,-,-,Std-Ref,-,-,4.846135302015303E-4,0.2924794359576968,2.414710223266745,166.2625,43.944075375666266,"0,05",0.0,0.0,30.22
,,,D6,9,25,SAMPLE,16S-515F+806R,16S,-,-,722.132954697068,-,0.06082573484109536,4332797.728182409,-,5653,1042,4611,145.71,2.401,1000.0,2.0,12.0,-,-,Std-Ref,-,-,0.20374162446858524,0.28213866039952995,1.594929847238543,164.82207293666016,45.16759271307731,"1,01",4.0622324786735815,45.35,13.83
,,,E6,21,58,SAMPLE,16S-515F+806R,16S,-,-,49.15103646287216,-,0.18197999392652808,294906.218777233,-,8286,116,8170,145.71,2.441,1000.0,2.0,12.0,-,-,Std-Ref,-,-,0.014098434783298584,0.2868390129259694,2.376748061104583,168.5615517241379,45.19931089351293,"0,02",3.0734654076107777,51.78,30.25
,,,F6,33,94,SAMPLE,16S-515F+806R,16S,-,-,351.4724083228424,-,0.06919674642245666,2108834.4499370544,-,8283,803,7480,145.71,2.469,1000.0,2.0,12.0,-,-,Std-Ref,-,-,0.10197242962974122,0.29012925969447706,2.4031406580493533,164.77439601494385,45.34366978609647,"0,52",3.1968482803650886,57.37,16.75
,,,G6,22,61,SAMPLE,16S-515F+806R,16S,-,-,940.7952996871533,-,0.0443559659376814,5644771.79812292,-,8183,1965,6218,145.71,2.484,1000.0,2.0,12.0,-,-,Std-Ref,-,-,0.27461051990868257,0.2918918918918919,2.388551351351351,168.1162697201016,46.199620456738565,"1,20",2.875243807112135,58.65,27.46
,,,H6,-,BLANK,CONTROL,16S-515F+806R,16S,-,NEG,5.4884825976130385,-,0.5238226090694998,-,-,8267,14,8253,145.71,2.628,-,-,12.0,-,-,Std-Ref,-,-,0.0016949156599914295,0.30881316098707406,2.552958401880141,165.99,43.187739003998416,"0,00",4.8280069518668,38.25,16.1
,,,A7,7,19,SAMPLE,16S-515F+806R,16S,-,-,665.426097189347,-,0.05161650984105562,3992556.583136082,-,7814,1447,6367,145.71,2.619,1000.0,2.0,12.0,-,-,Std-Ref,-,-,0.2047885955979906,0.30775558166862516,2.404802115158637,174.75564616447832,47.661644416522776,"0,76",3.136148692165277,55.91,26.71
,,,B7,19,53,SAMPLE,16S-515F+806R,16S,-,-,2790.6948433372145,-,0.02961263988595115,1.6744169060023287E7,-,8243,4638,3605,145.71,2.522,1000.0,2.0,12.0,-,-,Std-Ref,-,-,0.827042584594178,0.2963572267920094,2.4428726204465336,171.05387882708067,51.38729542302364,"2,45",3.2925466130694705,54.16,20.85
,,,C7,35,88,SAMPLE,16S-515F+806R,16S,-,-,638.237247044796,-,0.05236638443687578,3829423.4822687763,-,8260,1405,6855,145.71,2.486,1000.0,2.0,12.0,-,-,Std-Ref,-,-,0.18644627451860904,0.29212690951821385,2.4129682726204464,166.02674733096083,45.96210649161202,"0,63",2.712380190861524,63.7,25.95
,,,D7,10,27,SAMPLE,16S-515F+806R,16S,-,-,711.7056101816944,-,0.05011553902752162,4270233.661090166,-,8267,1535,6732,145.71,2.456,1000.0,2.0,12.0,-,-,Std-Ref,-,-,0.20539940994197903,0.28860164512338427,2.385869800235018,167.5511009771988,47.484893048128356,"0,98",3.355613476015275,52.5,19.11
,,,E7,22,61,SAMPLE,16S-515F+806R,16S,-,-,1087.817920042477,-,0.042040852707784376,6526907.520254862,-,8255,2191,6064,145.71,2.413,1000.0,2.0,12.0,-,-,Std-Ref,-,-,0.30844942903202077,0.28354876615746183,2.340695064629847,169.38365130077622,47.595455145118855,"0,81",2.7959541911221963,61.63,26.36
,,,F7,2,4,SAMPLE,16S-515F+806R,16S,-,-,2180.2087365356665,-,0.03208984396969242,1.3081252419213999E7,-,8262,3856,4406,145.71,2.454,1000.0,2.0,12.0,-,-,Std-Ref,-,-,0.6286994405944214,0.2883666274970623,2.382485076380729,164.16209543568482,51.044775306400304,"2,02",3.0248119813022867,59.21,18.66
,,,G7,23,64,SAMPLE,16S-515F+806R,16S,-,-,1090.9171843660185,-,0.04134671481885529,6545503.106196112,-,8201,2267,5934,145.71,2.524,1000.0,2.0,12.0,-,-,Std-Ref,-,-,0.32355757618564407,0.2965922444183314,2.4323529964747355,168.07299073665652,47.820274688237326,"1,24",2.62143936986757,68.85,24.07
,,,H7,-,BLANK,CONTROL,16S-515F+806R,16S,-,NEG,6.335096371987456,-,0.4899912201551799,-,-,8265,16,8249,145.71,2.603,-,-,12.0,-,-,Std-Ref,-,-,0.001937750394392873,0.3058754406580494,2.528060517038778,160.92624999999998,42.84274336283172,"0,00",4.62218723722564,30.6,20.77
,,,A8,8,22,SAMPLE,16S-515F+806R,16S,-,-,649.76540976575,-,0.05152194758170684,3898592.4585945,-,8067,1452,6615,145.71,2.599,1000.0,2.0,12.0,-,-,Std-Ref,-,-,0.19844186838791825,0.30540540540540545,2.4637054054054057,176.92387741046818,48.126476190476396,"0,86",3.1295150492277446,54.82,28.63
,,,B8,20,56,SAMPLE,16S-515F+806R,16S,-,-,2213.828352462277,-,0.0316933564237347,1.3282970114773663E7,-,8253,3964,4289,145.71,2.516,1000.0,2.0,12.0,-,-,Std-Ref,-,-,0.6545231650758038,0.2956521739130435,2.440017391304348,171.5905398587286,50.189039403124184,"2,22",3.0313845298440985,60.53,21.69
,,,C8,32,91,SAMPLE,16S-515F+806R,16S,-,-,1214.4517620567517,-,0.039952402964985825,7286710.57234051,-,8184,2432,5752,145.71,2.471,1000.0,2.0,12.0,-,-,Std-Ref,-,-,0.35263340823057976,0.29036427732079906,2.3763412455934194,169.55007812499994,46.76871696801102,"1,38",3.014609636457227,57.73,25.14
,,,D8,11,30,SAMPLE,16S-515F+806R,16S,-,-,1439.8550517527171,-,0.03767235723391303,8639130.310516303,-,8108,2746,5362,145.71,2.444,1000.0,2.0,12.0,-,-,Std-Ref,-,-,0.413514188775986,0.28719153936545244,2.3285490011750882,171.81305535324103,49.39522752704212,"1,41",3.113408204091897,59.93,19.87
,,,E8,23,64,SAMPLE,16S-515F+806R,16S,-,-,1239.6065441544106,-,0.0398608158282054,7437639.264926463,-,8118,2444,5674,145.71,2.459,1000.0,2.0,12.0,-,-,Std-Ref,-,-,0.35818948203004647,0.28895417156286723,2.345729964747356,168.40352291325698,49.11138879097642,"1,59",2.713749212447682,62.48,27.07
,,,F8,4,10,SAMPLE,16S-515F+806R,16S,-,-,2892.0411742630936,-,0.0353409658319147,1.735224704557856E7,-,5763,3260,2503,145.71,2.454,1000.0,2.0,12.0,-,-,Std-Ref,-,-,0.8339681600048922,0.2883666274970623,1.6618568742655702,170.71588036809788,53.59603675589293,"2,95",3.5171043313849024,52.93,16.56
,,,G8,24,67,SAMPLE,16S-515F+806R,16S,-,-,1572.2203252697723,-,0.036595934381916204,9433321.951618634,-,7909,2920,4989,145.71,2.494,1000.0,2.0,12.0,-,-,Std-Ref,-,-,0.4607658626583798,0.2930669800235018,2.3178667450058756,169.46946575342437,49.19700541190628,"1,16",2.951636687530286,56.87,26.01
,,,H8,-,BLANK,CONTROL,16S-515F+806R,16S,-,NEG,1.9678915174556209,-,0.8765226362204885,-,-,8271,5,8266,145.71,2.615,-,-,12.0,-,-,Std-Ref,-,-,6.047046202287249E-4,0.3072855464159812,2.5415587544065805,151.57999999999998,36.146865473021954,"0,01",3.3127592087838917,51.57,17.72
,,,A9,9,25,SAMPLE,16S-515F+806R,16S,-,-,836.1899917626719,-,0.04578495980548593,5017139.950576032,-,8066,1843,6223,145.71,2.64,1000.0,2.0,12.0,-,-,Std-Ref,-,-,0.25940559086409565,0.3102232667450059,2.5022608695652178,176.67049376017363,47.57639884300174,"1,04",3.256427903608258,52.04,28.36
,,,B9,21,58,SAMPLE,16S-515F+806R,16S,-,-,42.007785370568484,-,0.19312262969854452,252046.7122234109,-,8273,103,8170,145.71,2.538,1000.0,2.0,12.0,-,-,Std-Ref,-,-,0.012528291336134291,0.2982373678025852,2.467317743830787,170.79281553398064,43.99319583843329,"0,01",3.722759791063168,47.17,19.38
,,,C9,33,94,SAMPLE,16S-515F+806R,16S,-,-,1824.238003041055,-,0.033829992526080835,1.094542801824633E7,-,8267,3439,4828,145.71,2.509,1000.0,2.0,12.0,-,-,Std-Ref,-,-,0.5378393830352535,0.2948296122209166,2.4373564042303175,170.8049200348939,49.88476180613089,"1,54",2.6494934253341382,66.5,26.53
,,,D9,12,33,SAMPLE,16S-515F+806R,16S,-,-,1304.560820537381,-,0.038677128403734176,7827364.923224286,-,8159,2600,5559,145.71,2.503,1000.0,2.0,12.0,-,-,Std-Ref,-,-,0.3837033764753308,0.2941245593419507,2.3997622796709757,171.19615384615383,47.832255801403235,"1,53",3.199597592229351,59.04,19.31
,,,E9,24,67,SAMPLE,16S-515F+806R,16S,-,-,3296.731951875401,-,0.028426720316306654,1.9780391711252406E7,-,8271,5143,3128,145.71,2.51,1000.0,2.0,12.0,-,-,Std-Ref,-,-,0.9723615980267047,0.29494712103407755,2.4395076380728553,165.24115691230807,52.65790920716106,"1,27",2.680550392537831,60.85,26.2
,,,F9,5,13,SAMPLE,16S-515F+806R,16S,-,-,1644.9960036979483,-,0.03536526034084157,9869976.02218769,-,8188,3132,5056,145.71,2.494,1000.0,2.0,12.0,-,-,Std-Ref,-,-,0.48209401095448684,0.2930669800235018,2.3996324324324325,168.1152681992339,49.414371044303756,"1,89",3.237606476300751,55.73,18.99
,,,G9,25,70,SAMPLE,16S-515F+806R,16S,-,-,1079.0302730115711,-,0.0415441487041004,6474181.638069428,-,8211,2245,5966,145.71,2.519,1000.0,2.0,12.0,-,-,Std-Ref,-,-,0.31939803263409494,0.29600470035252646,2.430494594594595,165.76877505567958,48.51747401944348,"1,04",2.8386602892336015,59.93,24.22
,,,H9,-,BLANK,CONTROL,16S-515F+806R,16S,-,NEG,0.0,-,-,-,-,8262,0,8262,145.71,2.622,-,-,12.0,-,-,Std-Ref,-,-,0.0,0.3081081081081081,2.5455891891891893,0.0,35.1593488259502,"0,52",3.8977388860902225,15.51,0.14
,,,A10,10,27,SAMPLE,16S-515F+806R,16S,-,-,867.8247773856177,-,0.04540960371216027,5206948.664313707,-,8068,1874,6194,145.71,2.592,1000.0,2.0,12.0,-,-,Std-Ref,-,-,0.26432453854095433,0.30458284371327854,2.457374383078731,176.60243329775932,48.24087665482721,"1,12",3.1928366126237995,52.27,30.37
,,,B10,22,61,SAMPLE,16S-515F+806R,16S,-,-,845.3400967965765,-,0.04559941216998624,5072040.580779459,-,8141,1858,6283,145.71,2.608,1000.0,2.0,12.0,-,-,Std-Ref,-,-,0.25906544917103075,0.3064629847238543,2.4949151586368976,174.16508611410117,46.58018144198644,"1,14",3.3592234725804784,58.02,19.18
,,,C10,1,1,SAMPLE,16S-515F+806R,16S,-,-,291.63155539885304,-,0.07546399143627751,1749789.3323931182,-,8091,675,7416,145.71,2.542,1000.0,2.0,12.0,-,-,Std-Ref,-,-,0.08711250456214857,0.29870740305522914,2.4168415981198588,170.5736740740742,47.38707119741111,"0,66",3.38809240490115,51.0,24.67
,,,D10,13,36,SAMPLE,16S-515F+806R,16S,-,-,2855.7349460277396,-,0.029458536803811473,1.713440967616644E7,-,8262,4695,3567,145.71,2.503,1000.0,2.0,12.0,-,-,Std-Ref,-,-,0.8399417825978183,0.2941245593419507,2.4300571092831964,174.7233013844514,53.08373703392207,"2,43",3.282505656214915,55.66,20.72
,,,E10,25,70,SAMPLE,16S-515F+806R,16S,-,-,1146.8163246239624,-,0.04054130627494192,6880897.947743774,-,8207,2360,5847,145.71,2.516,1000.0,2.0,12.0,-,-,Std-Ref,-,-,0.3390587394540411,0.2956521739130435,2.426417391304348,169.73836440677957,49.978813066529725,"1,46",2.9085424973715215,57.19,26.49
,,,F10,6,16,SAMPLE,16S-515F+806R,16S,-,-,613.1202160877267,-,0.0527404092563046,3678721.2965263603,-,8276,1385,6891,145.71,2.542,1000.0,2.0,12.0,-,-,Std-Ref,-,-,0.18314354750822576,0.29870740305522914,2.472102467685076,167.15477256317692,46.69874183717887,"0,65",3.2077027727524916,58.65,17.14
,,,G10,26,73,SAMPLE,16S-515F+806R,16S,-,-,370.24762040819866,-,0.06671461040607927,2221485.722449192,-,8243,864,7379,145.71,2.545,1000.0,2.0,12.0,-,-,Std-Ref,-,-,0.11072622725486082,0.2990599294947121,2.465150998824912,173.56571759259253,47.96516059086594,"0,56",3.357417481348918,49.72,27.78
,,,H10,-,BLANK,CONTROL,16S-515F+806R,16S,-,NEG,10.245345651446312,-,0.3843809131699341,-,-,8212,26,8186,145.71,2.634,-,-,12.0,-,-,Std-Ref,-,-,0.003171121086475862,0.30951821386603995,2.54176357226792,151.8511538461538,35.648705106278946,"0,06",3.8262687969475286,43.35,16.31
,,,A11,11,30,SAMPLE,16S-515F+806R,16S,-,-,1653.945002451968,-,0.03481979623319446,9923670.01471181,-,8040,3240,4800,145.71,2.654,1000.0,2.0,12.0,-,-,Std-Ref,-,-,0.5158131652770298,0.3118683901292597,2.507421856639248,174.18602469135772,49.44678958333331,"1,74",2.9015093480033807,59.26,28.34
,,,B11,23,64,SAMPLE,16S-515F+806R,16S,-,-,1513.2928759718566,-,0.03582157065050216,9079757.255831141,-,8231,3048,5183,145.71,2.601,1000.0,2.0,12.0,-,-,Std-Ref,-,-,0.46252347478293754,0.30564042303172734,2.5157263219741477,168.85183070866125,47.09412888288639,"1,56",3.2078670416316037,56.62,20.44
,,,C11,2,4,SAMPLE,16S-515F+806R,16S,-,-,270.8344024194763,-,0.07713599216345543,1625006.4145168578,-,8275,646,7629,145.71,2.554,1000.0,2.0,12.0,-,-,Std-Ref,-,-,0.08128214615503436,0.30011750881316096,2.483472385428907,178.89013931888542,49.079128326124064,"0,44",3.6178034314299574,45.9,27.19
,,,D11,14,39,SAMPLE,16S-515F+806R,16S,-,-,1616.3192083761367,-,0.03523658920288351,9697915.250256822,-,8147,3157,4990,145.71,2.581,1000.0,2.0,12.0,-,-,Std-Ref,-,-,0.4902138515650774,0.30329024676850763,2.4709056404230316,167.30298067785856,49.90676352705415,"2,28",3.1123100879603887,55.91,21.53
,,,E11,26,73,SAMPLE,16S-515F+806R,16S,-,-,557.3541610911124,-,0.054679173438078245,3344124.9665466743,-,8264,1288,6976,145.71,2.587,1000.0,2.0,12.0,-,-,Std-Ref,-,-,0.16943304521065897,0.3039952996474736,2.512217156286722,171.01093167701842,48.920293864678996,"0,94",3.273837406156853,52.98,25.02
,,,F11,7,19,SAMPLE,16S-515F+806R,16S,-,-,715.4416593660828,-,0.04940366479370319,4292649.956196497,-,8223,1580,6643,145.71,2.538,1000.0,2.0,12.0,-,-,Std-Ref,-,-,0.2133714373056543,0.2982373678025852,2.452405875440658,169.2078481012659,47.42012494354954,"1,06",2.8120815012627367,64.7,20.91
,,,G11,27,76,SAMPLE,16S-515F+806R,16S,-,-,780.5466046476797,-,0.047505251920869275,4683279.627886078,-,8257,1710,6547,145.71,2.53,1000.0,2.0,12.0,-,-,Std-Ref,-,-,0.23205439597633717,0.29729729729729726,2.4547837837837836,168.2268245614035,48.34097143729963,"0,92",3.0653383907711023,52.86,26.49
,,,H11,-,BLANK,CONTROL,16S-515F+806R,16S,-,NEG,0.0,-,-,-,-,8179,0,8179,145.71,2.658,-,-,12.0,-,-,Std-Ref,-,-,0.0,0.31233842538190365,2.55461598119859,0.0,36.38316420100267,"0,01",0.0,0.0,17.09
,,,A12,12,33,SAMPLE,16S-515F+806R,16S,-,-,1425.6483530929045,-,0.039160565273380535,8553890.118557427,-,6973,2549,4424,145.71,2.716,1000.0,2.0,12.0,-,-,Std-Ref,-,-,0.45500128401884005,0.31915393654524093,2.2254603995299647,176.72676735974903,51.50750226039777,"1,81",2.9450879738406823,55.35,31.16
,,,B12,24,67,SAMPLE,16S-515F+806R,16S,-,-,2513.3041494118247,-,0.029967665815192727,1.5079824896470949E7,-,8294,4502,3792,145.71,2.65,1000.0,2.0,12.0,-,-,Std-Ref,-,-,0.7826387774314142,0.3113983548766157,2.582737955346651,176.4610817414482,52.03735759493667,"1,78",3.8726038149252866,45.77,19.7
,,,C12,3,7,SAMPLE,16S-515F+806R,16S,-,-,1836.590559541685,-,0.03347915366859725,1.1019543357250111E7,-,8075,3523,4552,145.71,2.656,1000.0,2.0,12.0,-,-,Std-Ref,-,-,0.5732061722846904,0.31210340775558165,2.520235017626322,175.27092250922496,52.413508347978926,"1,52",3.100673328645271,52.61,28.23
,,,D12,15,41,SAMPLE,16S-515F+806R,16S,-,-,2439.549754863979,-,0.030736988227672103,1.4637298529183876E7,-,8110,4259,3851,145.71,2.598,1000.0,2.0,12.0,-,-,Std-Ref,-,-,0.7447650132945497,0.3052878965922444,2.475884841363102,175.14129842686063,53.344092443521184,"2,77",3.4458411965515015,52.12,20.53
,,,E12,27,76,SAMPLE,16S-515F+806R,16S,-,-,877.1548562605963,-,0.045077177200028726,5262929.137563578,-,8107,1902,6205,145.71,2.594,1000.0,2.0,12.0,-,-,Std-Ref,-,-,0.2673724673489996,0.3048178613396005,2.471158401880141,170.40996319663515,49.795157131345704,"1,22",3.2053176143249678,52.27,26.18
,,,F12,9,25,SAMPLE,16S-515F+806R,16S,-,-,1180.984214076882,-,0.03940721072641651,7085905.2844612915,-,8136,2502,5634,145.71,2.648,1000.0,2.0,12.0,-,-,Std-Ref,-,-,0.36747898929207795,0.31116333725029377,2.53162491186839,174.63636290967213,50.57265885693989,"1,83",3.4704624776287996,51.0,21.64
,,,G12,28,79,SAMPLE,16S-515F+806R,16S,-,-,451.22767104511473,-,0.059579890320974174,2707366.0262706885,-,8281,1084,7197,145.71,2.646,1000.0,2.0,12.0,-,-,Std-Ref,-,-,0.14029946152589584,0.31092831962397177,2.5747974148061106,174.50359778597792,49.39293594553291,"0,42",3.00791251937574,57.37,25.53
,,,H12,-,BLANK,CONTROL,16S-515F+806R,16S,-,NEG,11.943951496651357,-,0.357839258749153,-,-,7964,30,7934,145.71,2.689,-,-,12.0,-,-,Std-Ref,-,-,0.003774064109811457,0.31598119858989426,2.516474265569918,151.69866666666667,37.40818502646847,"0,05",2.8851260501425045,60.43,13.12
